{
  "uid" : "b878939e-0853-4ce2-82e1-c22f43a0827e",
  "name" : "SuccessFactors Prescreen Questions on Job Req Process",
  "identifier" : "successFactorsPrescreenQuestionsOnJobReqProcess",
  "type" : "automation",
  "visibility" : true,
  "activated" : true,
  "header" : {
    "inputs" : [ {
      "description" : "",
      "identifier" : "OutputFile",
      "type" : "simple",
      "typeName" : "string",
      "typeValue" : "string",
      "dimension" : 0,
      "container" : null
    }, {
      "description" : "",
      "identifier" : "jobRequisition",
      "type" : "simple",
      "typeName" : "any",
      "typeValue" : "any",
      "dimension" : 0,
      "container" : null
    }, {
      "description" : "",
      "identifier" : "basicAuth",
      "type" : "simple",
      "typeName" : "any",
      "typeValue" : "any",
      "dimension" : 0,
      "container" : null
    } ],
    "outputs" : [ ],
    "maxDuration" : 5000,
    "maxActivityDuration" : 600,
    "triggerable" : true,
    "hasAddJobSubAutomations" : false,
    "hasAlerts" : false,
    "scriptUids" : [ "2ab7df20-0c91-42c3-a26a-dfbdab9d582a", "4e06fb32-9420-46cb-bff5-a7c771528e9f", "9a217c98-132c-4415-b4df-47d42ef44df2" ]
  },
  "validity" : true,
  "dependencies" : [ {
    "artifactUid" : "079265fd-0cc3-37ff-9896-ef34682a481b",
    "artifactContainerUid" : "a8973365-f7a3-4a8c-889a-29c801e9d2d7",
    "packageUid" : "105f6259-cdaf-414b-86ea-5bc670448046",
    "packageAlias" : "irpa_excel"
  }, {
    "artifactUid" : "2907bdc8-7717-4da9-bc98-2df17a14bd30",
    "artifactContainerUid" : "537bd644-363e-42e0-89a2-fee55d235d6b"
  }, {
    "artifactUid" : "4374075b-83d9-4f29-bc43-aa0720c70f87",
    "artifactContainerUid" : "537bd644-363e-42e0-89a2-fee55d235d6b"
  }, {
    "artifactUid" : "5a190525-e7b0-4f4f-949a-54cab8f04502",
    "artifactContainerUid" : "537bd644-363e-42e0-89a2-fee55d235d6b"
  }, {
    "artifactUid" : "9cab8902-34c3-37f9-a6bb-8e55279e5195",
    "artifactContainerUid" : "e49be015-06ae-4edc-a7ca-ab1910aa2915",
    "packageUid" : "2dbcfd22-58ea-49a2-99d6-005f5bb902c3",
    "packageAlias" : "irpa_core"
  }, {
    "artifactUid" : "9d97d190-ddae-3b68-bf21-ac94e6bc05e4",
    "artifactContainerUid" : "a8973365-f7a3-4a8c-889a-29c801e9d2d7",
    "packageUid" : "105f6259-cdaf-414b-86ea-5bc670448046",
    "packageAlias" : "irpa_excel"
  }, {
    "artifactUid" : "aab5ad95-d8dd-3ea2-b24d-17c88b53b37c",
    "artifactContainerUid" : "e49be015-06ae-4edc-a7ca-ab1910aa2915",
    "packageUid" : "2dbcfd22-58ea-49a2-99d6-005f5bb902c3",
    "packageAlias" : "irpa_core"
  }, {
    "artifactUid" : "ad8424e5-0004-31e8-b7c2-cd871847e3e3",
    "artifactContainerUid" : "a8973365-f7a3-4a8c-889a-29c801e9d2d7",
    "packageUid" : "105f6259-cdaf-414b-86ea-5bc670448046",
    "packageAlias" : "irpa_excel"
  }, {
    "artifactUid" : "b2b39969-be3a-32e5-b4cb-3ebfacb6d3e5",
    "artifactContainerUid" : "a8973365-f7a3-4a8c-889a-29c801e9d2d7",
    "packageUid" : "105f6259-cdaf-414b-86ea-5bc670448046",
    "packageAlias" : "irpa_excel"
  }, {
    "artifactUid" : "bbdcabaa-28e9-3393-8efd-644dec20f4f8",
    "artifactContainerUid" : "e49be015-06ae-4edc-a7ca-ab1910aa2915",
    "packageUid" : "2dbcfd22-58ea-49a2-99d6-005f5bb902c3",
    "packageAlias" : "irpa_core"
  }, {
    "artifactUid" : "c8c3e744-939a-3f07-89be-24c78828dc6c",
    "artifactContainerUid" : "e49be015-06ae-4edc-a7ca-ab1910aa2915",
    "packageUid" : "2dbcfd22-58ea-49a2-99d6-005f5bb902c3",
    "packageAlias" : "irpa_core"
  }, {
    "artifactUid" : "d150179b-60f7-4e15-bda2-68cea0ea587e",
    "artifactContainerUid" : "537bd644-363e-42e0-89a2-fee55d235d6b"
  }, {
    "artifactUid" : "d2e35236-493c-4611-83b1-a557741f66fc",
    "artifactContainerUid" : "537bd644-363e-42e0-89a2-fee55d235d6b"
  }, {
    "artifactUid" : "ed521d70-d2b5-3286-848b-8acd783a6b43",
    "artifactContainerUid" : "e49be015-06ae-4edc-a7ca-ab1910aa2915",
    "packageUid" : "2dbcfd22-58ea-49a2-99d6-005f5bb902c3",
    "packageAlias" : "irpa_core"
  }, {
    "artifactUid" : "f2fee1f4-25ef-3451-a66b-11b328ea34f4",
    "artifactContainerUid" : "e49be015-06ae-4edc-a7ca-ab1910aa2915",
    "packageUid" : "2dbcfd22-58ea-49a2-99d6-005f5bb902c3",
    "packageAlias" : "irpa_core"
  } ],
  "access" : "default",
  "contents" : [ {
    "uid" : "5da2f4f8-edea-44af-8bce-30beccaebf39",
    "name" : "2ab7df20-0c91-42c3-a26a-dfbdab9d582a",
    "mimeType" : "application/json",
    "size" : 383,
    "lastUpdateRelease" : "2205.00"
  }, {
    "uid" : "34999325-be09-45ee-b1d9-d842795715b5",
    "name" : "4e06fb32-9420-46cb-bff5-a7c771528e9f",
    "mimeType" : "application/json",
    "size" : 284,
    "lastUpdateRelease" : "2205.00"
  }, {
    "uid" : "2d64a6b7-566c-45a7-a53c-08c5b4ffe7e6",
    "name" : "content",
    "mimeType" : "application/json",
    "size" : 166322,
    "lastUpdateRelease" : "2205.00"
  }, {
    "uid" : "0967e238-602a-45a0-936d-d9a6ab1a73ac",
    "name" : "9a217c98-132c-4415-b4df-47d42ef44df2",
    "mimeType" : "application/json",
    "size" : 97,
    "lastUpdateRelease" : "2205.00"
  } ],
  "exportRelease" : "2205.00",
  "lastHeaderUpdateRelease" : "2204.00",
  "submittable" : true,
  "mode" : "managed"
}