{
  "uid" : "4e6bb83c-dd17-46e0-9b4b-bfbb02b3e2b1",
  "name" : "excelRead",
  "identifier" : "excelRead",
  "type" : "automation",
  "visibility" : true,
  "activated" : true,
  "header" : {
    "inputs" : [ {
      "description" : "",
      "identifier" : "inputFilePath",
      "type" : "simple",
      "typeName" : "string",
      "typeValue" : "string",
      "dimension" : 0,
      "container" : null
    } ],
    "outputs" : [ {
      "description" : "",
      "identifier" : "xlData",
      "type" : "complex",
      "typeName" : "xldata",
      "typeValue" : "$.fadc4179-55d4-4a05-a2ef-31094990cd80",
      "dimension" : 1,
      "container" : {
        "projectUid" : "539d62ec-789c-44e0-8d1c-a95df4a4b7ae"
      }
    } ],
    "maxDuration" : 600,
    "maxActivityDuration" : 30,
    "triggerable" : true,
    "hasAddJobSubAutomations" : false,
    "hasAlerts" : false,
    "scriptUids" : [ ]
  },
  "validity" : true,
  "dependencies" : [ {
    "artifactUid" : "52923419-41d9-4c4a-9c2a-699ee59e4990",
    "artifactContainerUid" : "539d62ec-789c-44e0-8d1c-a95df4a4b7ae"
  }, {
    "artifactUid" : "9cab8902-34c3-37f9-a6bb-8e55279e5195",
    "artifactContainerUid" : "e49be015-06ae-4edc-a7ca-ab1910aa2915",
    "packageUid" : "2dbcfd22-58ea-49a2-99d6-005f5bb902c3",
    "packageAlias" : "irpa_core"
  }, {
    "artifactUid" : "ad8424e5-0004-31e8-b7c2-cd871847e3e3",
    "artifactContainerUid" : "a8973365-f7a3-4a8c-889a-29c801e9d2d7",
    "packageUid" : "105f6259-cdaf-414b-86ea-5bc670448046",
    "packageAlias" : "irpa_excel"
  }, {
    "artifactUid" : "edfd9191-786e-389f-a918-53d58c2a81e3",
    "artifactContainerUid" : "a8973365-f7a3-4a8c-889a-29c801e9d2d7",
    "packageUid" : "105f6259-cdaf-414b-86ea-5bc670448046",
    "packageAlias" : "irpa_excel"
  }, {
    "artifactUid" : "fadc4179-55d4-4a05-a2ef-31094990cd80",
    "artifactContainerUid" : "539d62ec-789c-44e0-8d1c-a95df4a4b7ae"
  } ],
  "access" : "default",
  "contents" : [ {
    "uid" : "c919edef-b37c-469b-8323-8ddcdaafff6b",
    "name" : "content",
    "mimeType" : "application/json",
    "size" : 22528,
    "lastUpdateRelease" : "2205.00"
  } ],
  "exportRelease" : "2205.00",
  "lastHeaderUpdateRelease" : "2204.00",
  "submittable" : true,
  "mode" : "managed"
}