{
  "uid" : "08484908-d7d8-4804-9b74-fbc86af4ecb5",
  "name" : "SuccessFactorOfferLetter_Process",
  "identifier" : "successFactorOfferLetter_Process",
  "type" : "automation",
  "visibility" : true,
  "activated" : true,
  "header" : {
    "inputs" : [ {
      "description" : "",
      "identifier" : "companyID",
      "type" : "simple",
      "typeName" : "string",
      "typeValue" : "string",
      "dimension" : 0,
      "container" : null
    }, {
      "description" : "",
      "identifier" : "offerType",
      "type" : "simple",
      "typeName" : "string",
      "typeValue" : "string",
      "dimension" : 0,
      "container" : null
    }, {
      "description" : "",
      "identifier" : "xlData",
      "type" : "complex",
      "typeName" : "xldata",
      "typeValue" : "$.fadc4179-55d4-4a05-a2ef-31094990cd80",
      "dimension" : 0,
      "container" : {
        "projectUid" : "539d62ec-789c-44e0-8d1c-a95df4a4b7ae"
      }
    }, {
      "description" : "",
      "identifier" : "sfURL",
      "type" : "simple",
      "typeName" : "string",
      "typeValue" : "string",
      "dimension" : 0,
      "container" : null
    } ],
    "outputs" : [ ],
    "maxDuration" : 1700,
    "maxActivityDuration" : 60,
    "triggerable" : true,
    "hasAddJobSubAutomations" : false,
    "hasAlerts" : false,
    "scriptUids" : [ ]
  },
  "validity" : true,
  "dependencies" : [ {
    "artifactUid" : "1892483a-6605-33de-aef5-1c47304b1559",
    "artifactContainerUid" : "56cc358d-1e57-4fed-9eef-fec83a333323",
    "packageUid" : "8f09ae29-27d3-49fc-a7b8-000c2427c052",
    "packageAlias" : "irpa_successfactors"
  }, {
    "artifactUid" : "526e6e1f-324d-4011-85e3-ac514d76a02e",
    "artifactContainerUid" : "539d62ec-789c-44e0-8d1c-a95df4a4b7ae"
  }, {
    "artifactUid" : "9cab8902-34c3-37f9-a6bb-8e55279e5195",
    "artifactContainerUid" : "e49be015-06ae-4edc-a7ca-ab1910aa2915",
    "packageUid" : "2dbcfd22-58ea-49a2-99d6-005f5bb902c3",
    "packageAlias" : "irpa_core"
  }, {
    "artifactUid" : "aab5ad95-d8dd-3ea2-b24d-17c88b53b37c",
    "artifactContainerUid" : "e49be015-06ae-4edc-a7ca-ab1910aa2915",
    "packageUid" : "2dbcfd22-58ea-49a2-99d6-005f5bb902c3",
    "packageAlias" : "irpa_core"
  }, {
    "artifactUid" : "bd3c1905-1d8c-4e86-b646-f6e7ef441f1d",
    "artifactContainerUid" : "539d62ec-789c-44e0-8d1c-a95df4a4b7ae"
  }, {
    "artifactUid" : "cfb22227-8bf8-4bf3-b398-50d589caf376",
    "artifactContainerUid" : "539d62ec-789c-44e0-8d1c-a95df4a4b7ae"
  }, {
    "artifactUid" : "ed521d70-d2b5-3286-848b-8acd783a6b43",
    "artifactContainerUid" : "e49be015-06ae-4edc-a7ca-ab1910aa2915",
    "packageUid" : "2dbcfd22-58ea-49a2-99d6-005f5bb902c3",
    "packageAlias" : "irpa_core"
  }, {
    "artifactUid" : "f2fee1f4-25ef-3451-a66b-11b328ea34f4",
    "artifactContainerUid" : "e49be015-06ae-4edc-a7ca-ab1910aa2915",
    "packageUid" : "2dbcfd22-58ea-49a2-99d6-005f5bb902c3",
    "packageAlias" : "irpa_core"
  }, {
    "artifactUid" : "fadc4179-55d4-4a05-a2ef-31094990cd80",
    "artifactContainerUid" : "539d62ec-789c-44e0-8d1c-a95df4a4b7ae"
  } ],
  "access" : "default",
  "contents" : [ {
    "uid" : "582adf21-d776-4bdb-a8f6-9fa82f17453c",
    "name" : "content",
    "mimeType" : "application/json",
    "size" : 454093,
    "lastUpdateRelease" : "2205.00"
  } ],
  "exportRelease" : "2205.00",
  "lastHeaderUpdateRelease" : "2203.00",
  "submittable" : true,
  "mode" : "managed"
}