{
  "uid" : "bd3c1905-1d8c-4e86-b646-f6e7ef441f1d",
  "name" : "botUser",
  "identifier" : "botUser",
  "type" : "environment-variable",
  "visibility" : true,
  "activated" : true,
  "header" : {
    "type" : "complex",
    "typeValue" : "irpa_core.0716dcfe-85c9-3a0c-983b-dadef7dc619b",
    "typeName" : "credential",
    "dimension" : 0
  },
  "validity" : true,
  "dependencies" : [ {
    "artifactUid" : "0716dcfe-85c9-3a0c-983b-dadef7dc619b",
    "artifactContainerUid" : "e49be015-06ae-4edc-a7ca-ab1910aa2915",
    "packageUid" : "2dbcfd22-58ea-49a2-99d6-005f5bb902c3",
    "packageAlias" : "irpa_core"
  } ],
  "access" : "default",
  "exportRelease" : "2205.00",
  "lastHeaderUpdateRelease" : "2205.00",
  "submittable" : true,
  "mode" : "managed"
}