{
  "uid" : "ffb09ef6-750d-4f31-be0a-257f2111b08b",
  "name" : "Create Sub Folder in Folder",
  "description" : "An automation that creates folder structre based on list of folders and Root folder",
  "identifier" : "createsubfolderinfolder",
  "type" : "automation",
  "visibility" : true,
  "activated" : true,
  "header" : {
    "inputs" : [ {
      "description" : "",
      "identifier" : "FoldersNameList",
      "type" : "simple",
      "typeName" : "string",
      "typeValue" : "string",
      "dimension" : 1,
      "container" : null
    }, {
      "description" : "",
      "identifier" : "RootFolder",
      "type" : "simple",
      "typeName" : "string",
      "typeValue" : "string",
      "dimension" : 0,
      "container" : null
    } ],
    "outputs" : [ ],
    "maxDuration" : 600,
    "maxActivityDuration" : 30,
    "triggerable" : true,
    "hasAddJobSubAutomations" : false,
    "hasAlerts" : false,
    "scriptUids" : [ ]
  },
  "validity" : true,
  "dependencies" : [ {
    "artifactUid" : "08932019-52df-3d41-8347-421faed14de4",
    "artifactContainerUid" : "e49be015-06ae-4edc-a7ca-ab1910aa2915",
    "packageUid" : "2dbcfd22-58ea-49a2-99d6-005f5bb902c3",
    "packageAlias" : "irpa_core"
  }, {
    "artifactUid" : "9cab8902-34c3-37f9-a6bb-8e55279e5195",
    "artifactContainerUid" : "e49be015-06ae-4edc-a7ca-ab1910aa2915",
    "packageUid" : "2dbcfd22-58ea-49a2-99d6-005f5bb902c3",
    "packageAlias" : "irpa_core"
  } ],
  "access" : "default",
  "contents" : [ {
    "uid" : "99b87c02-6bc2-45dd-a2dc-af9c5d8b8dc5",
    "name" : "content",
    "mimeType" : "application/json",
    "size" : 7800,
    "lastUpdateRelease" : "2204.00"
  } ],
  "exportRelease" : "2205.00",
  "lastHeaderUpdateRelease" : "2112.00-rc6",
  "submittable" : true,
  "mode" : "managed"
}