{
  "uid" : "ef68fe2f-4449-43e3-8b57-ce856475b1fb",
  "name" : "rough",
  "identifier" : "rough",
  "type" : "automation",
  "visibility" : true,
  "activated" : true,
  "header" : {
    "inputs" : [ ],
    "outputs" : [ ],
    "maxDuration" : 600,
    "maxActivityDuration" : 30,
    "triggerable" : true,
    "hasAddJobSubAutomations" : false,
    "hasAlerts" : false,
    "scriptUids" : [ ]
  },
  "validity" : true,
  "dependencies" : [ {
    "artifactUid" : "1892483a-6605-33de-aef5-1c47304b1559",
    "artifactContainerUid" : "56cc358d-1e57-4fed-9eef-fec83a333323",
    "packageUid" : "8f09ae29-27d3-49fc-a7b8-000c2427c052",
    "packageAlias" : "irpa_successfactors"
  }, {
    "artifactUid" : "9cab8902-34c3-37f9-a6bb-8e55279e5195",
    "artifactContainerUid" : "e49be015-06ae-4edc-a7ca-ab1910aa2915",
    "packageUid" : "2dbcfd22-58ea-49a2-99d6-005f5bb902c3",
    "packageAlias" : "irpa_core"
  }, {
    "artifactUid" : "aab5ad95-d8dd-3ea2-b24d-17c88b53b37c",
    "artifactContainerUid" : "e49be015-06ae-4edc-a7ca-ab1910aa2915",
    "packageUid" : "2dbcfd22-58ea-49a2-99d6-005f5bb902c3",
    "packageAlias" : "irpa_core"
  }, {
    "artifactUid" : "cfb22227-8bf8-4bf3-b398-50d589caf376",
    "artifactContainerUid" : "539d62ec-789c-44e0-8d1c-a95df4a4b7ae"
  } ],
  "access" : "default",
  "contents" : [ {
    "uid" : "b8f1afe7-daf4-4064-af27-45d2767c1f3f",
    "name" : "content",
    "mimeType" : "application/json",
    "size" : 14027,
    "lastUpdateRelease" : "2205.00"
  } ],
  "exportRelease" : "2205.00",
  "lastHeaderUpdateRelease" : "2204.00",
  "submittable" : true,
  "mode" : "managed"
}