{
  "uid" : "e130ad90-6386-4a14-8a95-b6b06b1426a4",
  "name" : "Prepare Folder Structure For UI",
  "identifier" : "prepareFolderStructureForUI",
  "type" : "automation",
  "visibility" : true,
  "activated" : true,
  "header" : {
    "inputs" : [ {
      "description" : "",
      "identifier" : "InputFilePath",
      "type" : "simple",
      "typeName" : "string",
      "typeValue" : "string",
      "dimension" : 0,
      "container" : null
    } ],
    "outputs" : [ {
      "description" : "",
      "identifier" : "outputFilepath",
      "type" : "simple",
      "typeName" : "string",
      "typeValue" : "string",
      "dimension" : 0,
      "container" : null
    } ],
    "maxDuration" : 600,
    "maxActivityDuration" : 30,
    "triggerable" : true,
    "hasAddJobSubAutomations" : false,
    "hasAlerts" : false,
    "scriptUids" : [ "9bb42759-923c-42e3-9aa4-eb3b186a4a11" ]
  },
  "validity" : true,
  "dependencies" : [ {
    "artifactUid" : "08932019-52df-3d41-8347-421faed14de4",
    "artifactContainerUid" : "e49be015-06ae-4edc-a7ca-ab1910aa2915",
    "packageUid" : "2dbcfd22-58ea-49a2-99d6-005f5bb902c3",
    "packageAlias" : "irpa_core"
  }, {
    "artifactUid" : "52923419-41d9-4c4a-9c2a-699ee59e4990",
    "artifactContainerUid" : "539d62ec-789c-44e0-8d1c-a95df4a4b7ae"
  }, {
    "artifactUid" : "9cab8902-34c3-37f9-a6bb-8e55279e5195",
    "artifactContainerUid" : "e49be015-06ae-4edc-a7ca-ab1910aa2915",
    "packageUid" : "2dbcfd22-58ea-49a2-99d6-005f5bb902c3",
    "packageAlias" : "irpa_core"
  }, {
    "artifactUid" : "ed521d70-d2b5-3286-848b-8acd783a6b43",
    "artifactContainerUid" : "e49be015-06ae-4edc-a7ca-ab1910aa2915",
    "packageUid" : "2dbcfd22-58ea-49a2-99d6-005f5bb902c3",
    "packageAlias" : "irpa_core"
  }, {
    "artifactUid" : "ffb09ef6-750d-4f31-be0a-257f2111b08b",
    "artifactContainerUid" : "539d62ec-789c-44e0-8d1c-a95df4a4b7ae"
  } ],
  "access" : "default",
  "contents" : [ {
    "uid" : "3866b4b3-913e-4acf-b57c-edbeaeb17f17",
    "name" : "content",
    "mimeType" : "application/json",
    "size" : 67522,
    "lastUpdateRelease" : "2205.00"
  }, {
    "uid" : "c942f66a-92b4-4e3a-a46a-bfec3d79e48b",
    "name" : "9bb42759-923c-42e3-9aa4-eb3b186a4a11",
    "mimeType" : "application/json",
    "size" : 87,
    "lastUpdateRelease" : "2205.00"
  } ],
  "exportRelease" : "2205.00",
  "lastHeaderUpdateRelease" : "2205.00",
  "submittable" : true,
  "mode" : "managed"
}