{
  "uid" : "d8ee6ae3-ab00-47f0-999a-0513f938a00a",
  "name" : "Successfactors Offer Letter Distribution",
  "description" : "A Project pane that displays the automation",
  "identifier" : "projectpane0",
  "type" : "projectpane",
  "visibility" : true,
  "activated" : true,
  "validity" : true,
  "dependencies" : [ {
    "artifactUid" : "30bee9b2-4af7-46c6-9e28-49ae16682781",
    "artifactContainerUid" : "539d62ec-789c-44e0-8d1c-a95df4a4b7ae"
  }, {
    "artifactUid" : "a35b63ee-4320-449e-b102-bc87711125a4",
    "artifactContainerUid" : "539d62ec-789c-44e0-8d1c-a95df4a4b7ae"
  } ],
  "access" : "default",
  "contents" : [ {
    "uid" : "cf163202-c110-4a50-baa0-353bd7a790a3",
    "name" : "content",
    "mimeType" : "application/json",
    "size" : 362,
    "lastUpdateRelease" : "2205.00"
  } ],
  "exportRelease" : "2205.00",
  "lastHeaderUpdateRelease" : "2205.00",
  "submittable" : true,
  "mode" : "managed"
}