{
  "uid" : "fadc4179-55d4-4a05-a2ef-31094990cd80",
  "name" : "xldata",
  "identifier" : "datatype0",
  "type" : "datatype",
  "visibility" : true,
  "activated" : true,
  "header" : {
    "$schema" : "http://json-schema.org/draft-07/schema#",
    "type" : "object",
    "title" : "xldata",
    "properties" : {
      "applicationId" : {
        "uid" : "86520295-bdaa-4d8f-9ff2-e8758f5ee919"
      },
      "firstName" : {
        "type" : "string",
        "uid" : "1f797c40-42eb-47c8-9935-fe06476298c0"
      },
      "lastName" : {
        "type" : "string",
        "uid" : "b9cfcb29-fef7-4d4b-8ae5-79dbc53f3796"
      },
      "offerLetterCountry" : {
        "type" : "string",
        "uid" : "a21519a8-9812-4ea3-8d4a-6790b890f228"
      },
      "offerLetterLanguage" : {
        "type" : "string",
        "uid" : "ea8ef5ef-3025-4490-b36d-12c3a5455c7e"
      },
      "offerLetterEmailTemplate" : {
        "uid" : "2741289d-6825-4b8a-a3e0-45f5fc7e1153"
      },
      "offerLetterTemplate" : {
        "uid" : "c04fa472-429b-4475-bff3-a4f5f61a16f9"
      },
      "jobStatus" : {
        "uid" : "d66e8708-32a4-4989-9494-394799540e2a"
      },
      "offerType" : {
        "type" : "string",
        "uid" : "3badbe45-f715-4d72-9973-a2c14f5eb026"
      },
      "jobReqId" : {
        "type" : "string",
        "uid" : "1ea67de5-8ec6-4da8-8a4d-aeaecf844434"
      },
      "Sequence" : {
        "uid" : "c79a09d5-0f2e-491f-840b-a416d7632680"
      }
    },
    "required" : [ ]
  },
  "validity" : true,
  "access" : "default",
  "exportRelease" : "2205.00",
  "lastHeaderUpdateRelease" : "2204.00",
  "submittable" : true,
  "mode" : "managed"
}