{
  "uid" : "464119c3-29e2-43c5-834b-2f0b4c9f9f29",
  "name" : "Close Excel Application",
  "description" : "An automation that closes instances of Excel Application",
  "identifier" : "closeexcelapplication",
  "type" : "automation",
  "visibility" : true,
  "activated" : true,
  "header" : {
    "inputs" : [ ],
    "outputs" : [ ],
    "maxDuration" : 600,
    "maxActivityDuration" : 30,
    "triggerable" : false,
    "hasAddJobSubAutomations" : false,
    "hasAlerts" : false,
    "scriptUids" : [ ]
  },
  "validity" : true,
  "dependencies" : [ {
    "artifactUid" : "9cab8902-34c3-37f9-a6bb-8e55279e5195",
    "artifactContainerUid" : "e49be015-06ae-4edc-a7ca-ab1910aa2915",
    "packageUid" : "2dbcfd22-58ea-49a2-99d6-005f5bb902c3",
    "packageAlias" : "irpa_core"
  }, {
    "artifactUid" : "aab5ad95-d8dd-3ea2-b24d-17c88b53b37c",
    "artifactContainerUid" : "e49be015-06ae-4edc-a7ca-ab1910aa2915",
    "packageUid" : "2dbcfd22-58ea-49a2-99d6-005f5bb902c3",
    "packageAlias" : "irpa_core"
  }, {
    "artifactUid" : "b3eefe7e-3de6-427b-8f9a-9d7e48449ef0",
    "artifactContainerUid" : "537bd644-363e-42e0-89a2-fee55d235d6b"
  }, {
    "artifactUid" : "f2fee1f4-25ef-3451-a66b-11b328ea34f4",
    "artifactContainerUid" : "e49be015-06ae-4edc-a7ca-ab1910aa2915",
    "packageUid" : "2dbcfd22-58ea-49a2-99d6-005f5bb902c3",
    "packageAlias" : "irpa_core"
  } ],
  "access" : "default",
  "contents" : [ {
    "uid" : "fd06440c-561d-48fd-9f35-ce014d0ec1ee",
    "name" : "content",
    "mimeType" : "application/json",
    "size" : 11125,
    "lastUpdateRelease" : "2204.00"
  } ],
  "exportRelease" : "2205.00",
  "lastHeaderUpdateRelease" : "2110.00-rc1",
  "submittable" : true,
  "mode" : "managed"
}