{
  "uid" : "30bee9b2-4af7-46c6-9e28-49ae16682781",
  "name" : "SF_Offer_Letter_Start",
  "identifier" : "sF_Offer_Letter_Start",
  "type" : "automation",
  "visibility" : true,
  "activated" : true,
  "header" : {
    "inputs" : [ ],
    "outputs" : [ ],
    "maxDuration" : 1800,
    "maxActivityDuration" : 30,
    "triggerable" : true,
    "hasAddJobSubAutomations" : true,
    "hasAlerts" : false,
    "scriptUids" : [ "dd60a512-68f5-4a42-9e28-a96f5aaaf3fb" ]
  },
  "validity" : true,
  "dependencies" : [ {
    "artifactUid" : "08484908-d7d8-4804-9b74-fbc86af4ecb5",
    "artifactContainerUid" : "539d62ec-789c-44e0-8d1c-a95df4a4b7ae"
  }, {
    "artifactUid" : "08a76e2c-7cf7-47e4-95c3-79f5142caea7",
    "artifactContainerUid" : "539d62ec-789c-44e0-8d1c-a95df4a4b7ae"
  }, {
    "artifactUid" : "1edfc112-def0-4a53-9c89-63c14495e826",
    "artifactContainerUid" : "539d62ec-789c-44e0-8d1c-a95df4a4b7ae"
  }, {
    "artifactUid" : "4e6bb83c-dd17-46e0-9b4b-bfbb02b3e2b1",
    "artifactContainerUid" : "539d62ec-789c-44e0-8d1c-a95df4a4b7ae"
  }, {
    "artifactUid" : "4fcb8ed4-123f-4047-b432-5b746d42d31a",
    "artifactContainerUid" : "539d62ec-789c-44e0-8d1c-a95df4a4b7ae"
  }, {
    "artifactUid" : "52923419-41d9-4c4a-9c2a-699ee59e4990",
    "artifactContainerUid" : "539d62ec-789c-44e0-8d1c-a95df4a4b7ae"
  }, {
    "artifactUid" : "5f0a5c3c-13d4-4278-8a29-92fca813ed1c",
    "artifactContainerUid" : "539d62ec-789c-44e0-8d1c-a95df4a4b7ae"
  }, {
    "artifactUid" : "6beea0c6-5958-440a-be76-a17c60abb27b",
    "artifactContainerUid" : "539d62ec-789c-44e0-8d1c-a95df4a4b7ae"
  }, {
    "artifactUid" : "6f37d320-d00d-4985-b78d-6541b4f155a3",
    "artifactContainerUid" : "539d62ec-789c-44e0-8d1c-a95df4a4b7ae"
  }, {
    "artifactUid" : "80916fa7-323a-4be6-a8ce-12343c24f7df",
    "artifactContainerUid" : "539d62ec-789c-44e0-8d1c-a95df4a4b7ae"
  }, {
    "artifactUid" : "8f41520f-449a-4b8f-8eaa-7e43f04965ad",
    "artifactContainerUid" : "539d62ec-789c-44e0-8d1c-a95df4a4b7ae"
  }, {
    "artifactUid" : "9cab8902-34c3-37f9-a6bb-8e55279e5195",
    "artifactContainerUid" : "e49be015-06ae-4edc-a7ca-ab1910aa2915",
    "packageUid" : "2dbcfd22-58ea-49a2-99d6-005f5bb902c3",
    "packageAlias" : "irpa_core"
  }, {
    "artifactUid" : "aab5ad95-d8dd-3ea2-b24d-17c88b53b37c",
    "artifactContainerUid" : "e49be015-06ae-4edc-a7ca-ab1910aa2915",
    "packageUid" : "2dbcfd22-58ea-49a2-99d6-005f5bb902c3",
    "packageAlias" : "irpa_core"
  }, {
    "artifactUid" : "ed521d70-d2b5-3286-848b-8acd783a6b43",
    "artifactContainerUid" : "e49be015-06ae-4edc-a7ca-ab1910aa2915",
    "packageUid" : "2dbcfd22-58ea-49a2-99d6-005f5bb902c3",
    "packageAlias" : "irpa_core"
  } ],
  "access" : "default",
  "contents" : [ {
    "uid" : "95256ed6-467a-4532-b325-7d32219aa0b3",
    "name" : "content",
    "mimeType" : "application/json",
    "size" : 69832,
    "lastUpdateRelease" : "2205.00"
  }, {
    "uid" : "e8816802-3d17-4910-88d6-3c3355161077",
    "name" : "dd60a512-68f5-4a42-9e28-a96f5aaaf3fb",
    "mimeType" : "application/json",
    "size" : 470,
    "lastUpdateRelease" : "2205.00"
  } ],
  "exportRelease" : "2205.00",
  "lastHeaderUpdateRelease" : "2204.00",
  "submittable" : true,
  "mode" : "managed"
}