{
  "uid" : "c1617790-1158-48ef-adf2-209385979fbf",
  "name" : "SuccessFactors Prescreen Questions on Job Req Start",
  "identifier" : "successFactorsPrescreenQuestionsOnJobReqStart",
  "type" : "automation",
  "visibility" : true,
  "activated" : true,
  "header" : {
    "inputs" : [ ],
    "outputs" : [ ],
    "maxDuration" : 6000,
    "maxActivityDuration" : 600,
    "triggerable" : true,
    "hasAddJobSubAutomations" : false,
    "hasAlerts" : false,
    "scriptUids" : [ "d8ee2f14-544a-4c68-8d7a-b075735cf367", "89b50928-ce56-49fe-80fb-9c58c08b017b", "2e4a65b6-cfe0-4f56-a86d-c8660bdf0c2a", "4615eeca-741b-498b-8436-d8f757309ac1" ]
  },
  "validity" : true,
  "dependencies" : [ {
    "artifactUid" : "155322c0-b410-3a63-9fa5-c32ccad0fa1c",
    "artifactContainerUid" : "e49be015-06ae-4edc-a7ca-ab1910aa2915",
    "packageUid" : "2dbcfd22-58ea-49a2-99d6-005f5bb902c3",
    "packageAlias" : "irpa_core"
  }, {
    "artifactUid" : "2907bdc8-7717-4da9-bc98-2df17a14bd30",
    "artifactContainerUid" : "537bd644-363e-42e0-89a2-fee55d235d6b"
  }, {
    "artifactUid" : "2f9eaedc-1faf-411c-a157-13f8d0ab210b",
    "artifactContainerUid" : "537bd644-363e-42e0-89a2-fee55d235d6b"
  }, {
    "artifactUid" : "4374075b-83d9-4f29-bc43-aa0720c70f87",
    "artifactContainerUid" : "537bd644-363e-42e0-89a2-fee55d235d6b"
  }, {
    "artifactUid" : "45409d6f-eb0d-421e-8d53-b7135d199008",
    "artifactContainerUid" : "537bd644-363e-42e0-89a2-fee55d235d6b"
  }, {
    "artifactUid" : "464119c3-29e2-43c5-834b-2f0b4c9f9f29",
    "artifactContainerUid" : "537bd644-363e-42e0-89a2-fee55d235d6b"
  }, {
    "artifactUid" : "4c6196ba-8db4-4710-8ae1-c64d7fb973c6",
    "artifactContainerUid" : "537bd644-363e-42e0-89a2-fee55d235d6b"
  }, {
    "artifactUid" : "596b44e6-35f4-4d95-a504-b384e0d3fa9d",
    "artifactContainerUid" : "537bd644-363e-42e0-89a2-fee55d235d6b"
  }, {
    "artifactUid" : "8dec6a54-0269-4064-a1df-3e7ec66473a8",
    "artifactContainerUid" : "537bd644-363e-42e0-89a2-fee55d235d6b"
  }, {
    "artifactUid" : "9cab8902-34c3-37f9-a6bb-8e55279e5195",
    "artifactContainerUid" : "e49be015-06ae-4edc-a7ca-ab1910aa2915",
    "packageUid" : "2dbcfd22-58ea-49a2-99d6-005f5bb902c3",
    "packageAlias" : "irpa_core"
  }, {
    "artifactUid" : "a992c8b3-cb39-4dac-9d27-7010bc4268cb",
    "artifactContainerUid" : "537bd644-363e-42e0-89a2-fee55d235d6b"
  }, {
    "artifactUid" : "aab5ad95-d8dd-3ea2-b24d-17c88b53b37c",
    "artifactContainerUid" : "e49be015-06ae-4edc-a7ca-ab1910aa2915",
    "packageUid" : "2dbcfd22-58ea-49a2-99d6-005f5bb902c3",
    "packageAlias" : "irpa_core"
  }, {
    "artifactUid" : "b878939e-0853-4ce2-82e1-c22f43a0827e",
    "artifactContainerUid" : "537bd644-363e-42e0-89a2-fee55d235d6b"
  }, {
    "artifactUid" : "bbdcabaa-28e9-3393-8efd-644dec20f4f8",
    "artifactContainerUid" : "e49be015-06ae-4edc-a7ca-ab1910aa2915",
    "packageUid" : "2dbcfd22-58ea-49a2-99d6-005f5bb902c3",
    "packageAlias" : "irpa_core"
  }, {
    "artifactUid" : "cc20d336-fbb3-4e57-a817-b86144f75dc5",
    "artifactContainerUid" : "537bd644-363e-42e0-89a2-fee55d235d6b"
  }, {
    "artifactUid" : "d150179b-60f7-4e15-bda2-68cea0ea587e",
    "artifactContainerUid" : "537bd644-363e-42e0-89a2-fee55d235d6b"
  }, {
    "artifactUid" : "d2e35236-493c-4611-83b1-a557741f66fc",
    "artifactContainerUid" : "537bd644-363e-42e0-89a2-fee55d235d6b"
  }, {
    "artifactUid" : "ed521d70-d2b5-3286-848b-8acd783a6b43",
    "artifactContainerUid" : "e49be015-06ae-4edc-a7ca-ab1910aa2915",
    "packageUid" : "2dbcfd22-58ea-49a2-99d6-005f5bb902c3",
    "packageAlias" : "irpa_core"
  } ],
  "access" : "default",
  "contents" : [ {
    "uid" : "8534378a-a80a-4037-be7c-2103cf082f35",
    "name" : "4615eeca-741b-498b-8436-d8f757309ac1",
    "mimeType" : "application/json",
    "size" : 215,
    "lastUpdateRelease" : "2205.00"
  }, {
    "uid" : "b8f52583-3b4d-400e-8b0d-1097d93aefc7",
    "name" : "2e4a65b6-cfe0-4f56-a86d-c8660bdf0c2a",
    "mimeType" : "application/json",
    "size" : 1164,
    "lastUpdateRelease" : "2205.00"
  }, {
    "uid" : "11f14ca1-f633-4e97-95a6-c6dcd50659d5",
    "name" : "d8ee2f14-544a-4c68-8d7a-b075735cf367",
    "mimeType" : "application/json",
    "size" : 464,
    "lastUpdateRelease" : "2205.00"
  }, {
    "uid" : "1402ec84-0f36-4f71-a37f-9d832f5ae3f5",
    "name" : "content",
    "mimeType" : "application/json",
    "size" : 96506,
    "lastUpdateRelease" : "2205.00"
  }, {
    "uid" : "775dc308-c414-4dd9-9d93-dc2948c83707",
    "name" : "89b50928-ce56-49fe-80fb-9c58c08b017b",
    "mimeType" : "application/json",
    "size" : 174,
    "lastUpdateRelease" : "2205.00"
  } ],
  "exportRelease" : "2205.00",
  "lastHeaderUpdateRelease" : "2204.00",
  "submittable" : true,
  "mode" : "managed"
}