{
  "uid" : "5a190525-e7b0-4f4f-949a-54cab8f04502",
  "name" : "postBodyDetails",
  "identifier" : "postBodyDetails",
  "type" : "datatype",
  "visibility" : true,
  "activated" : true,
  "header" : {
    "$schema" : "http://json-schema.org/draft-07/schema#",
    "type" : "object",
    "title" : "postBodyDetails",
    "properties" : {
      "jobReqId" : {
        "type" : "string",
        "uid" : "8b5cf401-297f-4e30-9ecb-de61115c5856"
      },
      "questionId" : {
        "type" : "string",
        "uid" : "073028eb-2c50-4383-8d7b-b620d82a1afe"
      },
      "order" : {
        "type" : "number",
        "uid" : "b0fc23a7-b329-443b-b336-df2b858312cd"
      },
      "required" : {
        "type" : "boolean",
        "uid" : "f3c0e5a1-d2c3-4f56-a577-681076740150"
      },
      "score" : {
        "type" : "boolean",
        "uid" : "702050c1-f263-491a-95d0-7d4f7e1bb53d"
      },
      "disqualifier" : {
        "type" : "boolean",
        "uid" : "af2fe8a9-67d7-4462-96fe-091977832b1d"
      },
      "questionType" : {
        "type" : "string",
        "uid" : "a1e98109-8a1a-4c23-973d-29509ff3da3e"
      },
      "questionWeight" : {
        "type" : "number",
        "uid" : "5e6e98f2-bf8b-41c6-b535-cb49118f2a98"
      }
    },
    "required" : [ ]
  },
  "validity" : true,
  "access" : "default",
  "exportRelease" : "2205.00",
  "lastHeaderUpdateRelease" : "2205.00",
  "submittable" : true,
  "mode" : "managed"
}