{
  "uid" : "526e6e1f-324d-4011-85e3-ac514d76a02e",
  "name" : "SFSF - IAS: Log On",
  "identifier" : "sFSFSFPART060250LogOn",
  "type" : "application",
  "visibility" : true,
  "activated" : true,
  "header" : {
    "identifier" : "sFSFSFPART060250LogOn",
    "applicationProperties" : {
      "settings" : {
        "applicationPath" : "https://sciegea.accounts400.ondemand.com/saml2/idp/sso/sciegea.accounts400.ondemand.com?SAMLRequest=hZJNj9sgEIb%2FCuIOBjtZRyjOKm0UNVI%2FrI3bw14qgse7SDa4DDTtv6%2FXyVbbQ3ev8M48Mw%2Bsb38NPfkJAa13FZVcUALO%2BNa6h4p%2BbfZsRW83a9RDn49qm%2BKju4MfCTCSqdChutxUNAWnvEaLyukBUEWjjttPH1XOhRqDj974npLdVGidjjPsMcYRVZahsfAAmmtjfHIRF0Jw71oYtGu58UM2MzLbjhmifzNOyd4HA%2FOsFe10j0DJYVfR77AqdFtKwVYyL9iilDnTndYMSlGeFoUpulM5RRETHBxG7WJFc5HnTCyZFI1YKblUixu%2BlMU9JfV1q3fWXWy9puB0CaH60DQ1q78cG0q%2BPVufAvTqWM308FLu6401IoQnn3Tz7PN8PnNMxgBip030ATmk7Livt3eNuBH5Uqyzl7C%2Fz%2Ft56n7Y1b635jfZ9r0%2Fvw%2BgI1Q0hgSz10HH%2F88juZxPbMu6OaqSwxGM7Sy0NNtcsf%2F%2Bo80f&RelayState=%2Flogin%3F_s.crb%3DhHpUscbtkpgKhjD1EoqTTZt%252bFsEkZGJc5BHqFeT3HJk%253d&SigAlg=http%3A%2F%2Fwww.w3.org%2F2000%2F09%2Fxmldsig%23rsa-sha1&Signature=dU7cMUe%2BJVUzpoZmQ9QEGLHpKWu9dDTD5aLmgid1TU3CUlIa%2FySe%2FkJt%2FVpWer8Wls3%2F7%2BsP6VCei4s63KDq6nhR6OPPTaoX2FIZ3fNh4%2FtSQLAvz%2F0efMzwnpjg54azCiF3p3Zt2IDA4Ce7Y74Ti%2BsBceCLnLfCjVpfQPvEtWo%3D",
        "InstID" : false,
        "Sync" : 250
      },
      "techno" : "WEB"
    },
    "data" : {
      "uwpLaunchCommandLine" : null,
      "criteria" : [ {
        "attribute" : "DOMAIN",
        "rule" : "contains",
        "value" : "sciegea.accounts"
      } ]
    },
    "screens" : [ {
      "data" : {
        "criteria" : [ {
          "attribute" : "TITLE",
          "rule" : "contains",
          "value" : "SFSF"
        }, {
          "attribute" : "MAINFRAME",
          "rule" : "equals",
          "value" : "true"
        }, {
          "attribute" : "TITLE",
          "rule" : "end-with",
          "value" : "Log On"
        } ],
        "customType" : "HTML"
      },
      "captures" : [ {
        "name" : "Capture",
        "hash" : -631960152,
        "boundingRect" : {
          "captureRef" : 1,
          "top" : 0,
          "left" : 0,
          "width" : 1816,
          "height" : 518
        }
      } ],
      "framework" : "SuccessFactors",
      "identifier" : "sFSFSFPART060250LogOn",
      "items" : [ {
        "boundingRects" : {
          "1" : [ {
            "left" : 941,
            "top" : 106,
            "width" : 327,
            "height" : 30
          } ]
        },
        "data" : {
          "controlType" : "INPUT",
          "customType" : "SuccessFactors.Element",
          "criteria" : [ {
            "attribute" : "TAG",
            "rule" : "equals",
            "value" : "INPUT"
          }, {
            "attribute" : "id",
            "rule" : "contains",
            "value" : "username"
          } ],
          "technoInterfaces" : [ "irpa_core.core.WEBItem" ],
          "occurs" : false
        },
        "dimension" : 0,
        "identifier" : "username",
        "ignoredCaptures" : [ ],
        "name" : "username",
        "occurs" : false,
        "settings" : {
          "Capture" : "No"
        },
        "type" : "SuccessFactorsElement",
        "uid" : "66fbd36e-2e2f-4dce-b1af-518a7f58690b"
      }, {
        "boundingRects" : {
          "1" : [ {
            "left" : 941,
            "top" : 190,
            "width" : 327,
            "height" : 30
          } ]
        },
        "data" : {
          "controlType" : "INPUT",
          "customType" : "SuccessFactors.Element",
          "criteria" : [ {
            "attribute" : "TAG",
            "rule" : "equals",
            "value" : "INPUT"
          }, {
            "attribute" : "id",
            "rule" : "contains",
            "value" : "password"
          }, {
            "attribute" : "placeholder",
            "rule" : "equals",
            "value" : "Password"
          } ],
          "technoInterfaces" : [ "irpa_core.core.WEBItem" ],
          "occurs" : false
        },
        "dimension" : 0,
        "identifier" : "password",
        "ignoredCaptures" : [ ],
        "name" : "password",
        "occurs" : false,
        "settings" : {
          "Capture" : "No"
        },
        "type" : "SuccessFactorsElement",
        "uid" : "8e5a0771-4022-4279-96f5-82a7e76e3c03"
      }, {
        "boundingRects" : {
          "1" : [ {
            "left" : 1044,
            "top" : 313,
            "width" : 120,
            "height" : 36
          } ]
        },
        "data" : {
          "controlType" : "BUTTON",
          "customType" : "SuccessFactors.Element",
          "criteria" : [ {
            "attribute" : "TAG",
            "rule" : "equals",
            "value" : "BUTTON"
          }, {
            "attribute" : "id",
            "rule" : "equals",
            "value" : "logOnFormSubmit"
          } ],
          "technoInterfaces" : [ "irpa_core.core.WEBItem" ],
          "occurs" : false
        },
        "dimension" : 0,
        "identifier" : "logOn",
        "ignoredCaptures" : [ ],
        "name" : "Log On",
        "occurs" : false,
        "settings" : {
          "Capture" : "No"
        },
        "type" : "SuccessFactorsElement",
        "uid" : "0d24fd5f-e5aa-4c34-a4cc-76f7775574ef"
      } ],
      "mustExists" : [ ],
      "mustNotExists" : [ ],
      "name" : "SFSF - IAS: Log On",
      "settings" : {
        "launchURL" : "https://sciegea.accounts400.ondemand.com/saml2/idp/sso/sciegea.accounts400.ondemand.com?SAMLRequest=hZJNj9sgEIb%2FCuIOBjtZRyjOKm0UNVI%2FrI3bw14qgse7SDa4DDTtv6%2FXyVbbQ3ev8M48Mw%2Bsb38NPfkJAa13FZVcUALO%2BNa6h4p%2BbfZsRW83a9RDn49qm%2BKju4MfCTCSqdChutxUNAWnvEaLyukBUEWjjttPH1XOhRqDj974npLdVGidjjPsMcYRVZahsfAAmmtjfHIRF0Jw71oYtGu58UM2MzLbjhmifzNOyd4HA%2FOsFe10j0DJYVfR77AqdFtKwVYyL9iilDnTndYMSlGeFoUpulM5RRETHBxG7WJFc5HnTCyZFI1YKblUixu%2BlMU9JfV1q3fWXWy9puB0CaH60DQ1q78cG0q%2BPVufAvTqWM308FLu6401IoQnn3Tz7PN8PnNMxgBip030ATmk7Livt3eNuBH5Uqyzl7C%2Fz%2Ft56n7Y1b635jfZ9r0%2Fvw%2BgI1Q0hgSz10HH%2F88juZxPbMu6OaqSwxGM7Sy0NNtcsf%2F%2Bo80f&RelayState=%2Flogin%3F_s.crb%3DhHpUscbtkpgKhjD1EoqTTZt%252bFsEkZGJc5BHqFeT3HJk%253d&SigAlg=http%3A%2F%2Fwww.w3.org%2F2000%2F09%2Fxmldsig%23rsa-sha1&Signature=dU7cMUe%2BJVUzpoZmQ9QEGLHpKWu9dDTD5aLmgid1TU3CUlIa%2FySe%2FkJt%2FVpWer8Wls3%2F7%2BsP6VCei4s63KDq6nhR6OPPTaoX2FIZ3fNh4%2FtSQLAvz%2F0efMzwnpjg54azCiF3p3Zt2IDA4Ce7Y74Ti%2BsBceCLnLfCjVpfQPvEtWo%3D",
        "CaptDataItemsCached" : false
      },
      "techno" : "WEB",
      "type" : "irpa_core.core.WEBPage",
      "uid" : "4e43f200-ced1-4dac-93a5-85f1234786ce",
      "subScreens" : [ ]
    } ],
    "version" : 8
  },
  "validity" : true,
  "keywords" : "SFSF - IAS: Log On",
  "access" : "default",
  "contents" : [ {
    "uid" : "35fbacea-ae34-4093-a7b6-ee7614d7d262",
    "name" : "4e43f200-ced1-4dac-93a5-85f1234786ce/1/image",
    "mimeType" : "application/json",
    "size" : 38140,
    "lastUpdateRelease" : "2205.00"
  }, {
    "uid" : "703cd2cd-bb14-45ae-b166-2dfe522bcaa7",
    "name" : "4e43f200-ced1-4dac-93a5-85f1234786ce/1/structure",
    "mimeType" : "application/json",
    "size" : 121496,
    "lastUpdateRelease" : "2205.00"
  }, {
    "uid" : "7e4db10d-dd3b-4206-a296-8b409575f7a8",
    "name" : "applicationDescription",
    "mimeType" : "application/json",
    "size" : 11644,
    "lastUpdateRelease" : "2205.00"
  } ],
  "exportRelease" : "2205.00",
  "lastHeaderUpdateRelease" : "2205.00",
  "submittable" : true,
  "mode" : "managed"
}