{
  "uid" : "b3eefe7e-3de6-427b-8f9a-9d7e48449ef0",
  "name" : "ExcelApp",
  "identifier" : "excelapp",
  "type" : "application",
  "visibility" : true,
  "activated" : true,
  "header" : {
    "identifier" : "excelapp",
    "applicationProperties" : {
      "settings" : {
        "applicationPath" : "C:\\Program Files\\Microsoft Office\\root\\Office16\\EXCEL.EXE",
        "PendingDelay" : 0,
        "Sync" : 1000,
        "RefreshOnPolling" : true
      },
      "techno" : "UIAutomation"
    },
    "data" : {
      "uwpLaunchCommandLine" : null,
      "criteria" : [ {
        "attribute" : "EXE",
        "rule" : "equals",
        "value" : "EXCEL.EXE"
      } ]
    },
    "screens" : [ {
      "data" : {
        "customType" : "Window",
        "criteria" : [ {
          "attribute" : "ClassName",
          "rule" : "equals",
          "value" : "XLMAIN"
        }, {
          "attribute" : "TAG",
          "rule" : "equals",
          "value" : "Window"
        } ]
      },
      "captures" : [ {
        "name" : "Capture 1",
        "hash" : 158107829,
        "boundingRect" : {
          "captureRef" : 1,
          "top" : 0,
          "left" : 0,
          "width" : 1574,
          "height" : 679
        }
      } ],
      "identifier" : "excelworkbook",
      "items" : [ ],
      "mustExists" : [ ],
      "mustNotExists" : [ ],
      "name" : "Excelworkbook",
      "settings" : {
        "RefreshMode" : "Window",
        "SubpagesType" : "Multiple",
        "MultiInstance" : false,
        "CaptDataOnPolling" : false
      },
      "techno" : "UIAutomation",
      "type" : "irpa_core.core.UIAutomationPage",
      "uid" : "0276b89e-0f46-48b0-9919-d6fd00860365",
      "subScreens" : [ ]
    } ],
    "version" : 8
  },
  "validity" : true,
  "keywords" : "Excelworkbook",
  "access" : "default",
  "contents" : [ {
    "uid" : "97333ad4-cb3e-454e-b001-c55c48a8eb41",
    "name" : "applicationDescription",
    "mimeType" : "application/json",
    "size" : 3009,
    "lastUpdateRelease" : "2204.00"
  }, {
    "uid" : "adb081df-45f7-42b3-bb9d-983b59b4d868",
    "name" : "0276b89e-0f46-48b0-9919-d6fd00860365/1/structure",
    "mimeType" : "application/json",
    "size" : 1047208,
    "lastUpdateRelease" : "2204.00"
  }, {
    "uid" : "cf510347-54a5-4da0-9c0b-055454456b23",
    "name" : "0276b89e-0f46-48b0-9919-d6fd00860365/1/image",
    "mimeType" : "application/json",
    "size" : 12032,
    "lastUpdateRelease" : "2204.00"
  } ],
  "exportRelease" : "2205.00",
  "lastHeaderUpdateRelease" : "2110.00-rc1",
  "submittable" : true,
  "mode" : "managed"
}