{
  "uid" : "ef027f2a-7c0b-4536-a249-49d39a047e06",
  "name" : "inputFilePathSFOfferletter",
  "identifier" : "inputFilePathSFOfferletter",
  "type" : "environment-variable",
  "visibility" : true,
  "activated" : true,
  "header" : {
    "type" : "simple",
    "typeValue" : "string",
    "typeName" : "string",
    "dimension" : 0
  },
  "validity" : true,
  "access" : "default",
  "exportRelease" : "2205.00",
  "lastHeaderUpdateRelease" : "2204.00",
  "submittable" : true,
  "mode" : "managed"
}