{
  "uid" : "2f9eaedc-1faf-411c-a157-13f8d0ab210b",
  "name" : "Preapre Folder Structure",
  "identifier" : "preapreFolderStructure",
  "type" : "automation",
  "visibility" : true,
  "activated" : true,
  "header" : {
    "inputs" : [ {
      "description" : "",
      "identifier" : "outputFolderpath",
      "type" : "simple",
      "typeName" : "string",
      "typeValue" : "string",
      "dimension" : 0,
      "container" : null
    } ],
    "outputs" : [ {
      "description" : "",
      "identifier" : "outputFilePath",
      "type" : "simple",
      "typeName" : "string",
      "typeValue" : "string",
      "dimension" : 0,
      "container" : null
    } ],
    "maxDuration" : 600,
    "maxActivityDuration" : 30,
    "triggerable" : true,
    "hasAddJobSubAutomations" : false,
    "hasAlerts" : false,
    "scriptUids" : [ "eda9f0cc-76ac-4784-96eb-9122995f2ab0" ]
  },
  "validity" : true,
  "dependencies" : [ {
    "artifactUid" : "079265fd-0cc3-37ff-9896-ef34682a481b",
    "artifactContainerUid" : "a8973365-f7a3-4a8c-889a-29c801e9d2d7",
    "packageUid" : "105f6259-cdaf-414b-86ea-5bc670448046",
    "packageAlias" : "irpa_excel"
  }, {
    "artifactUid" : "08932019-52df-3d41-8347-421faed14de4",
    "artifactContainerUid" : "e49be015-06ae-4edc-a7ca-ab1910aa2915",
    "packageUid" : "2dbcfd22-58ea-49a2-99d6-005f5bb902c3",
    "packageAlias" : "irpa_core"
  }, {
    "artifactUid" : "464119c3-29e2-43c5-834b-2f0b4c9f9f29",
    "artifactContainerUid" : "537bd644-363e-42e0-89a2-fee55d235d6b"
  }, {
    "artifactUid" : "9cab8902-34c3-37f9-a6bb-8e55279e5195",
    "artifactContainerUid" : "e49be015-06ae-4edc-a7ca-ab1910aa2915",
    "packageUid" : "2dbcfd22-58ea-49a2-99d6-005f5bb902c3",
    "packageAlias" : "irpa_core"
  }, {
    "artifactUid" : "9d97d190-ddae-3b68-bf21-ac94e6bc05e4",
    "artifactContainerUid" : "a8973365-f7a3-4a8c-889a-29c801e9d2d7",
    "packageUid" : "105f6259-cdaf-414b-86ea-5bc670448046",
    "packageAlias" : "irpa_excel"
  }, {
    "artifactUid" : "aab5ad95-d8dd-3ea2-b24d-17c88b53b37c",
    "artifactContainerUid" : "e49be015-06ae-4edc-a7ca-ab1910aa2915",
    "packageUid" : "2dbcfd22-58ea-49a2-99d6-005f5bb902c3",
    "packageAlias" : "irpa_core"
  }, {
    "artifactUid" : "ad8424e5-0004-31e8-b7c2-cd871847e3e3",
    "artifactContainerUid" : "a8973365-f7a3-4a8c-889a-29c801e9d2d7",
    "packageUid" : "105f6259-cdaf-414b-86ea-5bc670448046",
    "packageAlias" : "irpa_excel"
  }, {
    "artifactUid" : "b2b39969-be3a-32e5-b4cb-3ebfacb6d3e5",
    "artifactContainerUid" : "a8973365-f7a3-4a8c-889a-29c801e9d2d7",
    "packageUid" : "105f6259-cdaf-414b-86ea-5bc670448046",
    "packageAlias" : "irpa_excel"
  }, {
    "artifactUid" : "dc05bca3-381e-4016-995c-0448ad269cfb",
    "artifactContainerUid" : "537bd644-363e-42e0-89a2-fee55d235d6b"
  }, {
    "artifactUid" : "ed521d70-d2b5-3286-848b-8acd783a6b43",
    "artifactContainerUid" : "e49be015-06ae-4edc-a7ca-ab1910aa2915",
    "packageUid" : "2dbcfd22-58ea-49a2-99d6-005f5bb902c3",
    "packageAlias" : "irpa_core"
  }, {
    "artifactUid" : "f2fee1f4-25ef-3451-a66b-11b328ea34f4",
    "artifactContainerUid" : "e49be015-06ae-4edc-a7ca-ab1910aa2915",
    "packageUid" : "2dbcfd22-58ea-49a2-99d6-005f5bb902c3",
    "packageAlias" : "irpa_core"
  } ],
  "access" : "default",
  "contents" : [ {
    "uid" : "2be27df1-7dfe-43ea-9bec-3aa5350c73d0",
    "name" : "content",
    "mimeType" : "application/json",
    "size" : 98070,
    "lastUpdateRelease" : "2205.00"
  }, {
    "uid" : "7df8051c-1fa5-4d80-975e-47959de69405",
    "name" : "eda9f0cc-76ac-4784-96eb-9122995f2ab0",
    "mimeType" : "application/json",
    "size" : 87,
    "lastUpdateRelease" : "2205.00"
  } ],
  "exportRelease" : "2205.00",
  "lastHeaderUpdateRelease" : "2204.00",
  "submittable" : true,
  "mode" : "managed"
}